<?xml version="1.0" encoding="UTF-8"?>
<project-private xmlns="http://www.netbeans.org/ns/project-private/1">
    <editor-bookmarks xmlns="http://www.netbeans.org/ns/editor-bookmarks/2" lastBookmarkId="0"/>
    <open-files xmlns="http://www.netbeans.org/ns/projectui-open-files/2">
        <group>
            <file>file:/home/ccslearner/Desktop/DBApp/web/update_asset_info3.jsp</file>
            <file>file:/home/ccslearner/Desktop/DBApp/web/update_asset_info.jsp</file>
            <file>file:/home/ccslearner/Desktop/DBApp/web/delete_rental_information.jsp</file>
            <file>file:/home/ccslearner/Desktop/DBApp/web/update_rental_info2.jsp</file>
            <file>file:/home/ccslearner/Desktop/DBApp/web/delete_wrongly_encoded_asset2.jsp</file>
            <file>file:/home/ccslearner/Desktop/DBApp/web/delete_rental_information2.jsp</file>
            <file>file:/home/ccslearner/Desktop/DBApp/web/index.html</file>
            <file>file:/home/ccslearner/Desktop/DBApp/web/dispose_asset.jsp</file>
            <file>file:/home/ccslearner/Desktop/DBApp/web/recordrental3.jsp</file>
            <file>file:/home/ccslearner/Desktop/DBApp/src/java/assetmanagement/assets.java</file>
            <file>file:/home/ccslearner/Desktop/DBApp/web/president_login.jsp</file>
            <file>file:/home/ccslearner/Desktop/DBApp/web/return_rental2.jsp</file>
            <file>file:/home/ccslearner/Desktop/DBApp/web/update_rental_info1.jsp</file>
            <file>file:/home/ccslearner/Desktop/DBApp/web/officer_login.jsp</file>
            <file>file:/home/ccslearner/Desktop/DBApp/web/dispose_asset2.jsp</file>
            <file>file:/home/ccslearner/Desktop/DBApp/web/update_asset_info2.jsp</file>
            <file>file:/home/ccslearner/Desktop/DBApp/web/register_asset_process2.jsp</file>
            <file>file:/home/ccslearner/Desktop/DBApp/web/delete_wrongly_encoded_asset.jsp</file>
            <file>file:/home/ccslearner/Desktop/DBApp/web/update_rental_info3.jsp</file>
            <file>file:/home/ccslearner/Desktop/DBApp/web/register_asset_process.jsp</file>
            <file>file:/home/ccslearner/Desktop/DBApp/web/return_rental3.jsp</file>
            <file>file:/home/ccslearner/Desktop/DBApp/web/recordrental2.jsp</file>
            <file>file:/home/ccslearner/Desktop/DBApp/web/return_rental.jsp</file>
            <file>file:/home/ccslearner/Desktop/DBApp/src/java/assetmanagement/assetrental.java</file>
        </group>
    </open-files>
</project-private>
